{"ownHalf":{"goal":0,"saved":0,"off":1},"farEnemyHalf":{"goal":0.008333333333333333,"saved":0.35833333333333334,"off":0.6333333333333333},"rightFlank":{"goal":0,"saved":0.5714285714285714,"off":0.42857142857142855},"mid":{"goal":0.04121863799283154,"saved":0.5663082437275986,"off":0.3924731182795699},"leftFlank":{"goal":0,"saved":0.6363636363636364,"off":0.36363636363636365},"rightFlank16":{"goal":0.06622516556291391,"saved":0.5629139072847682,"off":0.3708609271523179},"mid16":{"goal":0.19365609348914858,"saved":0.39232053422370616,"off":0.41402337228714525},"leftFlank16":{"goal":0.045454545454545456,"saved":0.551948051948052,"off":0.4025974025974026},"box":{"goal":0.2653061224489796,"saved":0.21428571428571427,"off":0.5204081632653061}}